recipe_name|category|method|effect_category|ingredients|ingredient_category
Sprouting Chinese Foxglove Chicken|Dish|['Steam']|['Musculoskeletal Issues', 'General Health and Wellness']|['and black chicken', 'sweetmeats', 'Sprouting Chinese foxglove']|['meat' 'condiment' 'chinese_medicinal_material']
Lamb Honey Paste|Paste|['Pan-fry', 'Simmer']|['General Health and Wellness', 'Musculoskeletal Issues', 'Respiratory Issues']|['juice of sprouting Chinese foxglove', 'juice of sprouting ginger', 'crystallized honey', 'cooked sheep’s marrow', 'Cooked sheep’s fat']|['juice' 'other' 'meat']
Sheep Entrails Gruel|Thick soup|['Boil']|['Gastrointestinal Issues', 'General Health and Wellness']|['lesser galangal', 'prepared mandarin orange peel', 'salted fruits', 'long pepper', 'black pepper', 'cow’s [milk] cheese', 'heart and lung', 'kidney', 'stomach', 'Sheep’s liver']|['spice' 'plant' 'other' 'chinese_medicinal_material' 'meat']
Sheep Bone Congee|Conge|['Simmer']|['General Health and Wellness', 'Musculoskeletal Issues']|['salt', 'fresh ginger', 'tsaoko cardamom', 'lesser galangal', 'prepared mandarin orange peel', 'Sheep’s bones']|['condiment' 'spice' 'plant']
Sheep’s Spine Gruel|Conge|['Simmer']|['General Health and Wellness', 'Gastrointestinal Issues']|['long pepper', 'tsaoko cardamom', 'broomrape', 'Sheep’s spine']|['chinese_medicinal_material' 'spice']
White Sheep Kidney Gruel|Thick soup|['Boil']|['General Health and Wellness', 'Others', 'Musculoskeletal Issues']|['tsaoko cardamom', 'long pepper', 'prepared mandarin orange peel', 'black pepper', 'sheep’s fat', 'broomrape', 'White sheep’s kidney']|['spice' 'chinese_medicinal_material' 'plant' 'meat']
Pig Kidney Congee|Conge|['Boil']|['Gastrointestinal Issues', 'Musculoskeletal Issues', 'Others']|['grain-of-paradise', 'prepared mandarin orange peel', 'tsaoko cardamom', 'non-glutinous rice', 'Pig kidney']|['plant' 'spice' 'grain' 'meat']
Chinese Matrimony Vine Fruit and Sheep’s Kidney Congee|Conge|['Simmer', 'Boil']|['Heat-clearing', 'Musculoskeletal Issues', 'General Health and Wellness']|['mutton', 'spring onions', 'sheep’s kidney', 'Chinese matrimony vine fruits']|['vegetable' 'meat' 'chinese_medicinal_material']
Deer’s Kidney Gruel|Thick soup|['Boil']|['Gastrointestinal Issues', 'Others']|['Deer’s kidney']|meat
Mutton Gruel|Meat|['Simmer']|['Gastrointestinal Issues', 'Musculoskeletal Issues']|['spring onions', 'black pepper', 'long pepper', 'lesser galangal', 'prepared mandarin orange peel', 'tsaoko cardamom', 'Chinese radish', 'Mutton']|['vegetable' 'spice' 'chinese_medicinal_material' 'plant' 'meat']
Deer Feet Soup|Soup|['Boil']|['Neurological and Mental Health', 'General Health and Wellness', 'Musculoskeletal Issues']|['tsaoko cardamom', 'prepared mandarin orange peel', 'Deer feet']|['spice' 'plant' 'meat']
Deer Horn Liquor|Dish|[]|['Musculoskeletal Issues']|['Deer horn']|chinese_medicinal_material
Black Ox Marrow Decoction|Pan-fry|['Pan-fry']|['Gastrointestinal Issues', 'General Health and Wellness']|['crystallized honey', 'juice of sprouting Chinese foxglove', 'Black ox marrow']|['other' 'meat']
Fox Meat Soup|Meat|['Boil']|['General Health and Wellness']|['kasni', 'lesser galangal', 'prepared mandarin orange peel', 'onions', 'grain-of-paradise', 'tsaoko cardamom', 'Fox meat']|['plant' 'spice' 'vegetable' 'meat']
Black Chicken Soup|Soup|['Boil']|['General Health and Wellness', 'Gastrointestinal Issues']|['tsaoko cardamom', 'black pepper', 'lesser galangal', 'prepared mandarin orange peel', 'Black chicken']|['spice' 'plant' 'meat']
Ghee Liquor|Dish|[]|['General Health and Wellness', 'Neurological and Mental Health']|['Ghee']|dairy_product
Chinese Yam Tuo|Dish|['Boil']|['General Health and Wellness', 'Gastrointestinal Issues']|['Chinese yams', 'grain-of-paradise', 'black pepper', 'lesser galangal', 'prepared mandarin orange peel', 'tsaoko cardamom', 'spring onions', 'Chinese radish', 'Sheep’s bone']|['spice' 'plant' 'vegetable' 'meat']
Chinese Yam Congee|Conge|['Boil']|['General Health and Wellness', 'Musculoskeletal Issues']|['Chinese yams', 'Mutton']|meat
Sour Jujube Congee|Conge|['Boil']|['General Health and Wellness']|['Sour jujubes']|[]
Sprouting Chinese Foxglove Congee|Conge|['Boil', 'Simmer', 'Boil']|['General Health and Wellness', 'Musculoskeletal Issues', 'Others', 'Respiratory Issues']|['Juice of sprouting Chinese foxglove', 'sour jujubes', 'Sprouting Chinese foxglove juice']|['juice' 'chinese_medicinal_material']
Chinese Flower Pepper Dough Gruel|Noodles|['Boil']|['Gastrointestinal Issues']|['flour', 'Chinese flower pepper']|['grain' 'spice']
Long Pepper Congee|Conge|['Boil']|['Gastrointestinal Issues']|['cassia', 'black pepper', 'Long pepper']|['plant' 'spice']
Lesser Galangal Congee|Conge|['Pan-fry', 'Boil']|['Gastrointestinal Issues']|['non-glutinous rice', 'Lesser galangal']|['grain' 'spice']
Evodia Fruit Congee|Conge|[]|['Gastrointestinal Issues']|['Evodia fruits']|plant
Dried Beef|Meat|['Braise', 'Bake']|['Gastrointestinal Issues']|['lesser galangal', 'grain-of-paradise', 'tsaoko cardamom', 'prepared mandarin orange peel', 'long pepper', 'black pepper', 'Beef']|['spice' 'plant' 'chinese_medicinal_material' 'meat']
Lotus Seed Congee|Conge|['Boil']|['General Health and Wellness', 'Others']|['Lotus seeds']|plant
Euryale Fruits Congee|Conge|['Boil']|['Musculoskeletal Issues', 'General Health and Wellness', 'Others']|['Euryale fruits']|meat
Euryale Fruits Gruel Powder|Rice noodles|[]|['Others', 'Musculoskeletal Issues', 'General Health and Wellness']|['sheep’s spine', 'Euryale fruits']|meat
Peach Seed Congee|Conge|['Boil']|['Gastrointestinal Issues', 'Respiratory Issues']|['Peach seeds']|chinese_medicinal_material
Bream Gruel|Thick soup|['Boil', 'Pan-fry']|['Gastrointestinal Issues']|['long pepper', 'grain-of-paradise', 'prepared mandarin orange peel', 'Chinese flower pepper', 'black pepper', 'large garlic', 'Large bream']|['chinese_medicinal_material' 'plant' 'spice' 'seafood']
Roasted Yellow Flour|Noodles|[]|['Gastrointestinal Issues']|['White flour']|grain
Cheese Flour|Pancake|['Boil']|['Gastrointestinal Issues']|['Cheese']|[]
Broiled Yellow Chicken|Dish|['Broil']|['Gastrointestinal Issues']|['Yellow hen']|meat
Method for Cow’s Milk Decocted Long Pepper|Pan-fry|[]|['Gastrointestinal Issues']|[]|[]
Chinese Badger Meat Gruel|Meat|['Boil']|['Genitourinary Issues', 'Others', 'Gastrointestinal Issues']|['tsaoko cardamoms', 'onions', 'Chinese badger meat']|['vegetable' 'meat']
Yellow Hen|Dish|['Boil']|['Gastrointestinal Issues', 'Genitourinary Issues']|['adzuki beans [“Red Small Beans”]', 'tsaoko cardamom', 'Yellow hen']|['spice' 'meat']
Green[-headed] Duck [Male Mallard] Gruel|Thick soup|['Boil']|['Genitourinary Issues']|['tsaoko cardamoms', 'Green-headed duck']|meat
Chinese Radish Congee|Conge|['Boil']|['Gastrointestinal Issues']|['Large Chinese radish']|vegetable
Pheasant Gruel|Thick soup|[]|['Gastrointestinal Issues']|['Pheasant']|meat
Pigeon Gruel|Thick soup|['Boil']|['Gastrointestinal Issues', 'Others']|['White pigeon']|meat
Egg Yolk|Dish|[]|['Gastrointestinal Issues']|['Egg yolk']|meat
Chinese Mallow Gruel|Thick soup|['Stir-fry', 'Simmer', 'Boil']|['Gastrointestinal Issues', 'General Health and Wellness', 'Others']|['Mallow leaves']|plant
Carp Soup|Soup|['Braise', 'Boil']|['Gastrointestinal Issues', 'Genitourinary Issues', 'Others']|['finely ground Chinese flower pepper', 'Large young carp', 'tsaoko cardamom', 'Chinese flower pepper', 'prepared mandarin orange peel', 'adzuki beans', 'Large carp']|['seafood' 'spice' 'plant']
Purslane [Portulaca oleracea] Congee|Conge|['Boil']|['Others', 'Gastrointestinal Issues']|['Purslane']|vegetable
Wheat Congee|Conge|['Boil']|['Gastrointestinal Issues']|['Wheat']|grain
Donkey’s Head Gruel|Thick soup|['Boil']|['Neurological and Mental Health', 'Musculoskeletal Issues']|['tsaoko cardamom', 'black pepper', 'Black donkey’s head']|['spice' 'meat']
Donkey’s Meat Soup|Meat|['Boil']|['Neurological and Mental Health', 'Others']|['Meat of a black donkey']|meat
Fox Meat Gruel|Meat|['Boil']|['Neurological and Mental Health']|['Fox meat']|meat
Bear Meat Gruel|Meat|['Boil']|['Neurological and Mental Health', 'Others']|['Bear meat']|meat
Black Chicken Liquor|Dish|['Simmer', 'Boil']|['Neurological and Mental Health', 'Musculoskeletal Issues', 'Others', 'Heat-clearing']|['Black hen']|meat
Sheep’s Stomach Gruel|Thick soup|['Boil']|['Neurological and Mental Health']|['sprouting ginger', 'Chinese flower pepper [Sichuan Pepper]', 'salted fruits', 'green onions', 'non-glutinous rice', 'Sheep’s stomach']|['vegetable' 'spice' 'other' 'grain']
Kudzu Starch Gruel|Rice noodles|['Boil']|['Neurological and Mental Health', 'Gastrointestinal Issues', 'General Health and Wellness', 'Musculoskeletal Issues']|['salted fruits', 'Schizonepeta tenuifolia herb', 'Kudzu starch']|['other' 'plant' 'chinese_medicinal_material']
Schizonepeta tenuifolia Congee|Conge|['Boil']|['Neurological and Mental Health', 'General Health and Wellness', 'Others']|['white millet seeds', 'salted fruits', 'field mint leaves', 'S. tenuifolia herb']|['other' 'plant']
Hemp Seed Congee|Conge|['Boil']|['Neurological and Mental Health', 'Speech-related', 'Musculoskeletal Issues', 'Gastrointestinal Issues']|['Schizonepeta tenuifolia herb', 'field mint leaves', 'white millet grains', 'Hemp seeds [Cannabis sativa]']|['plant' 'grain' 'chinese_medicinal_material']
Burdock. (This is niupangzi. Another name is shuzhan zi.)|Dish|['Boil']|['Neurological and Mental Health', 'Gastrointestinal Issues', 'Musculoskeletal Issues', 'General Health and Wellness']|['liquid butter', 'Burdock [Arctium lappa] leaves']|['dairy_product' 'plant']
Black Donkey Skin Soup|Soup|['Steam', 'Boil']|['Neurological and Mental Health', 'Musculoskeletal Issues', 'Others']|['Black donkey’s skin']|chinese_medicinal_material
Sheep’s Head Hash|Dish|['Steam']|['Neurological and Mental Health', 'General Health and Wellness', 'Musculoskeletal Issues']|['White sheep’s head']|meat
Wild Pig Meat Broth|Dish|['Boil']|['Gastrointestinal Issues']|['Wild pig meat']|meat
Otter Liver Gruel|Thick soup|['Boil']|['Gastrointestinal Issues']|['Otter liver']|meat
Bream Soup|Thick soup|[]|['Gastrointestinal Issues']|['tsaoko cardamom', 'Jinese flower pepper', 'Large bream']|['spice' 'seafood']
Cassia Syrup|Thick liquid|[]|['Gastrointestinal Issues', 'General Health and Wellness', 'Others']|['crystallized honey', 'malted wheat', 'apricot kernels', 'finely ground yeast', 'cassia', 'red China root', 'boiled water', 'Sprouting ginger']|['other' 'grain' 'plant']
Cassia-Garuwood Syrup|Thick liquid|['Simmer']|['Others', 'Gastrointestinal Issues', 'General Health and Wellness']|['granulated sugar', 'black Chinese apricots', 'garuwood', 'Purple perilla leaves [Perilla frutescens var. crispa]']|chinese_medicinal_material
Lichee Paste|Paste|['Simmer']|['Gastrointestinal Issues', 'Others']|['cooked honey', 'juice of sprouting ginger', 'musk deer musk', 'crude granulated sugar', 'cassia', 'Black Chinese apricots']|['other' 'juice' 'chinese_medicinal_material' 'condiment' 'plant']
Oriental Flowering Apricot [Prunus mume] Pellet|Dish|[]|['Gastrointestinal Issues', 'Others']|['musk deer musk', 'sandalwood', 'liquorice', 'purple perilla leaves', 'dried Chinese quinces', 'salted oriental flowering apricots', 'Black [i.e. fresh] oriental flowering apricots']|['chinese_medicinal_material' 'fruit']
Red Currant Puree (Drink in Place of Grape Wine)|Soup|['Simmer']|['Gastrointestinal Issues']|['crude granulated sugar', 'ginseng', 'purple perilla leaves', 'Red currants [“northern schisandra”]']|['condiment' 'chinese_medicinal_material']
Ginseng Puree (Drink in Place of Liquor)|Soup|['Simmer']|['General Health and Wellness', 'Respiratory Issues', 'Gastrointestinal Issues']|['crude granulated sugar', 'purple perilla leaves', 'prepared mandarin orange peel', 'Korean ginseng']|['condiment' 'plant']
Immortal’s Tsangshu [Atractylodes chinensis and other A. spp] [Seed] Puree|Soup|[]|['Others', 'Gastrointestinal Issues']|['salt', 'dried jujubes', 'white flour', 'liquorice', 'fennel', 'Tsangshu']|['condiment' 'fruit' 'chinese_medicinal_material']
Apricot Frost Puree|Soup|[]|['Respiratory Issues']|['salt', 'apricot kernels', 'Millet grains']|['condiment' 'grain']
Chinese Yam [Dioscorea opposita] Puree|Soup|[]|['General Health and Wellness', 'Respiratory Issues']|['apricot kernels', 'millet grains', 'Chinese yams']|grain
“Four Harmonies Puree”|Soup|[]|['Gastrointestinal Issues']|['salt', 'fennel', 'sesame [seeds]', 'White flour']|['condiment' 'chinese_medicinal_material' 'grain']
Jujube [Zizyphus jujuba and other Z. spp] and Ginger Puree|Soup|[]|['Gastrointestinal Issues', 'Others']|['salt', 'liquorice', 'jujubes', 'Sprouting ginger']|['condiment' 'chinese_medicinal_material' 'fruit']
Fennel Puree|Soup|[]|['General Health and Wellness', 'Gastrointestinal Issues']|['salt', 'liquorice', 'prepared mandarin orange peel', 'Sichuan pagoda tree [Melia toosendan] fruits', 'Fennel']|['condiment' 'chinese_medicinal_material' 'plant']
Puree for Stagnant Qi|Soup|[]|['General Health and Wellness', 'Gastrointestinal Issues', 'Respiratory Issues']|['salt', 'liquorice', 'muxiang [root of Vladimiria souliei or Saussurea lappa]', 'turmeric', 'kueihua [Osmanthus fragrans] flowers', 'prepared mandarin orange peel', 'cubebs [Litsea cubeba]', 'lesser galangal', 'fennel', 'Apricot kernels']|['condiment' 'chinese_medicinal_material' 'plant' 'spice']
Oriental Flowering Apricot [Prunus mume] Puree|Soup|[]|['Heat-clearing', 'Others', 'Gastrointestinal Issues']|['salt', 'liquorice', 'white sandalwood', 'Salted oriental flowering apricots']|['condiment' 'chinese_medicinal_material' 'fruit']
Chinese Quince [Chaenomeles sinensis] Puree|Soup|['Simmer']|['General Health and Wellness', 'Musculoskeletal Issues', 'Others']|['crystallized honey', 'Chinese quinces']|['other' 'fruit']
Detoxifying Dried Orange Peel Puree|Soup|[]|['Others']|['salt', 'cardamom kernel', 'ginseng', 'mungbean flower', 'kudzu flower', 'sandalwood', 'prepared mandarin orange peel', '[Prepared] fragrant orange [Citrus sinensis] peel']|['condiment' 'chinese_medicinal_material' 'plant']
Qatiq Cakes|Pancake|[]|['Gastrointestinal Issues', 'Respiratory Issues']|['white nabat', 'acorus root', 'Korean ginseng', 'Qatiq']|plant
Cinnamon Qatiq Cakes|Pancake|[]|['Gastrointestinal Issues', 'Respiratory Issues']|['white nabat', 'Korean ginseng', 'qatiq', 'Cinnamon']|chinese_medicinal_material
Tabilqa Cakes|Pancake|['Simmer']|['Others', 'Respiratory Issues', 'Gastrointestinal Issues']|['finely powdered', 'two qian', 'Tabilqa']|['other' 'chinese_medicinal_material']
Fragrant Orange Aromatic Cakes|Pancake|[]|['General Health and Wellness', 'Others']|['musk deer musk', 'baroos camphor [Dryobalanops aromatica resin]', 'southern borax', 'cubebs', 'cardamom kernel', 'grain-of-paradise', 'white sandalwood', 'garuwood', 'New fragrant orange peel']|['chinese_medicinal_material' 'other' 'vegetable']
Cow Medullae Paste|Paste|[]|['General Health and Wellness', 'Musculoskeletal Issues', 'Others']|['oil from cow skull marrow', 'Chinese asparagus [Asparagus lucidus or A. cojinjinensis] paste', 'Chinese foxglove [Rehmannia glutinosa] paste', 'Solomon’s seal [Polygonatum cirrhifolium or P. multiflorum] paste']|['meat' 'chinese_medicinal_material']
Chinese Quince Concentrate|Pan-fry|['Pan-fry', 'Simmer']|[]|['white granulated sugar', 'Chinese quinces']|['condiment' 'fruit']
Citron [including Citrus medica, also C. medica var. sarcodactylis] Concentrate|Pan-fry|['Pan-fry', 'Simmer']|[]|['white granulated sugar', 'Citrons']|['condiment' 'chinese_medicinal_material']
Hazelnut Concentrate|Pan-fry|['Pan-fry', 'Simmer']|[]|['white granulated sugar', 'Hazelnuts']|['condiment' 'other']
Purple Perilla Concentrate|Pan-fry|['Pan-fry', 'Simmer']|[]|['white granulated sugar', 'dried Chinese quince', 'Purple perilla leaf']|['condiment' 'fruit' 'plant']
Kumquat [Fortunella margarita] Concentrate|Pan-fry|['Pan-fry', 'Simmer']|[]|['white granulated sugar', 'Kumquats']|['condiment' 'fruit']
Cherry [Prunus pseudocerasus] Concentrate|Pan-fry|['Pan-fry', 'Simmer']|[]|['white granulated sugar', 'Cherries']|['condiment' 'fruit']
Peach Concentrate|Pan-fry|['Pan-fry', 'Simmer']|[]|['crystallized honey', 'Large peaches']|['other' 'fruit']
Pomegranate Syrup|Thick liquid|['Pan-fry', 'Simmer']|[]|['white sugar', 'Pomegranate seeds']|fruit
Rose [Rosa laevigata and other Rosa spp.] Hips Concentrate|Pan-fry|['Pan-fry', 'Simmer']|[]|['crystallized honey', 'Rose hips']|['other' 'fruit']
Red Currant Sharba[t]|Dish|['Pan-fry', 'Simmer']|[]|['white granulated sugar', 'Fresh northern red currants']|['condiment' 'chinese_medicinal_material']
Cicigina (a kind of Suanci [Ziziphus spp.])|Dish|['Simmer']|[]|['Cicigina']|other
Pine Seed Oil|Oil|['Simmer']|[]|['Pine seeds']|grain
Apricot Seed Oil|Oil|['Simmer', 'Boil']|[]|['Apricot seeds']|fruit
Liquid Butter|Oil|['Simmer']|[]|[]|[]
Ghee|Oil|['Pan-fry', 'Simmer']|[]|[]|[]
Mäskä Oil|Oil|[]|[]|[]|[]
Chinese Matrimony Vine Fruit Tea|Tea|['Bake']|[]|[]|[]
Jade Mortar Tea|Tea|[]|[]|[]|[]
Golden Characters Tea|Tea|[]|[]|[]|[]
Mr. Fan Tianshuai’s Tea|Tea|[]|[]|[]|[]
Purple Shoots Sparrow Tongue Tea|Tea|[]|[]|[]|[]
Nüxuer Tea|Dish|[]|[]|[]|[]
Tibetan Tea|Tea|[]|[]|[]|[]
Sichuan Tea, Rattan Tea, Kua Tea|Tea|[]|[]|[]|[]
Swallow Tail Tea|Tea|[]|[]|[]|[]
Children’s Tea [Catechu]|Tea|[]|[]|[]|[]
Warm Mulberry Tea|Tea|[]|[]|[]|[]
Clear Tea|Tea|['Pan-fry']|[]|[]|[]
Roasted Tea|Tea|['Roast', 'Stir-fry']|[]|[]|[]
Orchid Paste|Paste|[]|[]|[]|[]
Süttiken|Dish|[]|[]|[]|[]
Fortified Broth|Soup|[]|[]|[]|[]
Aromatic Tea|Tea|['Simmer']|[]|[]|[]
Mastajhi [Mastic] Soup|Soup|['Simmer']|['General Health and Wellness']|['chickpeas [“Muslim beans”]', 'cinnamon', 'tsaoko cardamoms', 'Mutton']|['chinese_medicinal_material' 'meat']
Barley Soup|Soup|['Simmer']|['General Health and Wellness', 'Gastrointestinal Issues', 'Others']|['hulled barley', 'tsaoko cardamoms', 'Mutton']|['chinese_medicinal_material' 'meat']
Bal–po Soup |Soup|['Simmer']|['General Health and Wellness', 'Others', 'Respiratory Issues']|['Chinese radish', 'chickpeas', 'tsaoko cardamoms', 'Mutton']|['vegetable' 'plant' 'meat']
Šaqimur [Rape Turnip] Soup|Soup|['Simmer']|['General Health and Wellness', 'Others', 'Gastrointestinal Issues']|['aqimur', 'chickpeas', 'tsaoko cardamoms', 'Mutton']|['chinese_medicinal_material' 'plant' 'meat']
Fenugreek Seed Soup|Soup|['Simmer']|['General Health and Wellness', 'Musculoskeletal Issues']|['fenugreek seeds', 'tsaoko cardamoms', 'Mutton']|['plant' 'meat']
Chinese Quince Soup|Soup|[]|['General Health and Wellness', 'Musculoskeletal Issues', 'Others']|['chickpeas', 'tsaoko cardamoms', 'Mutton']|['plant' 'meat']
Deer Head Soup|Soup|['Stir-fry', 'Simmer']|['General Health and Wellness', 'Gastrointestinal Issues', 'Others']|['Deer’s head [and] hooves']|meat
Pine Pollen [Juice] Soup|Soup|['Stir-fry', 'Simmer']|['General Health and Wellness', 'Musculoskeletal Issues']|['chickpeas', 'tsaoko cardamoms', 'Mutton']|['plant' 'meat']
Russian Olive [Fruit] Soup|Soup|['Simmer']|['General Health and Wellness', 'Gastrointestinal Issues']|['chickpeas', 'tsaoko cardamoms', 'Mutton']|['plant' 'meat']
Barley Samsa Noodles|Rice noodles|['Stir-fry', 'Simmer']|['General Health and Wellness', 'Gastrointestinal Issues']|['chickpeas', 'tsaoko cardamoms', 'Mutton']|['plant' 'meat']
Barley Strip–Noodles|Rice noodles|['Simmer']|['General Health and Wellness', 'Gastrointestinal Issues']|['lesser galangal [Alpinia officinarum]', 'tsaoko Cardamoms', 'Mutton']|meat
Glutinous Rice Flour Chöp|Rice noodles|['Simmer']|['General Health and Wellness']|['lesser galangal', 'tsaoko cardamoms', 'Mutton']|['spice' 'meat']
River Pig Broth|Thick soup|['Deep-fry', 'Simmer']|['General Health and Wellness']|['tsaoko cardamoms', 'Mutton']|meat
Achchiq [“Bitter”] Soup|Soup|['Simmer']|['General Health and Wellness']|['lesser galangal', 'tsaoko cardamoms', 'Mutton']|['spice' 'meat']
Euryale Flour Swallow’s Tongue Qizi|Rice noodles|['Stir-fry', 'Simmer']|['General Health and Wellness']|['chickpeas', 'tsaoko cardamoms', 'Mutton']|['plant' 'meat']
Euryale Flour Blood Noodles|Rice noodles|['Stir-fry', 'Simmer']|['General Health and Wellness']|['chickpeas', 'tsaoko cardamoms', 'Mutton']|['plant' 'meat']
Euryale Flour Jüzmä|Rice noodles|['Stir-fry', 'Simmer']|['General Health and Wellness']|['chickpeas', 'tsaoko cardamoms', 'Mutton']|['plant' 'meat']
Euryale Flour Chöp|Rice noodles|['Simmer']|['General Health and Wellness']|['lesser galangal', 'tsaoko cardamoms', 'Mutton']|['spice' 'meat']
Euryale Flour Hundun|Wonton|['Stir-fry', 'Simmer']|['General Health and Wellness']|['chickpeas', 'tsaoko cardamoms', 'Mutton']|['plant' 'meat']
Sundry Broth|Thick soup|['Stir-fry', 'Simmer', 'Boil']|['General Health and Wellness']|['chickpeas', 'tsaoko cardamoms', 'Mutton']|['plant' 'meat']
Meat and Vegetable Broth|Thick soup|['Stir-fry', 'Pan-fry', 'Simmer']|['General Health and Wellness']|['chickpeas', 'tsaoko cardamoms', 'Mutton']|['plant' 'meat']
Pearl Noodles|Rice noodles|['Stir-fry', 'Pan-fry', 'Simmer']|['General Health and Wellness']|['chickpeas', 'tsaoko cardamoms', 'Mutton']|['plant' 'meat']
Yellow Soup|Soup|['Simmer']|['General Health and Wellness']|['chickpeas', 'tsaoko cardamoms', 'Mutton']|['plant' 'meat']
Three in the Cooking Pot|Dish|['Simmer']|['General Health and Wellness']|['lesser galangal', 'tsaoko cardamoms', 'Mutton']|['spice' 'meat']
Mallow Leaf Broth|Thick soup|[]|['Gastrointestinal Issues', 'General Health and Wellness', 'Others']|['lesser galangal', 'tsaoko cardamoms', 'Mutton']|['spice' 'meat']
Long Bottle Gourd [Lagenaria siceraria var. depressa] Soup|Soup|['Stir-fry', 'Simmer']|['Others', 'Gastrointestinal Issues']|['tsaoko cardamoms', 'Mutton']|meat
Turtle Soup|Soup|['Stir-fry', 'Simmer', 'Boil']|['Others', 'Musculoskeletal Issues']|['tsaoko cardamoms', 'Mutton']|meat
Cup Steamed|Dish|['Stir-fry', 'Steam']|['General Health and Wellness']|['prepared mandarin orange peel', 'lesser galangal', 'tsaoko cardamoms', 'or mutton', 'Sheep’s back skin from which the hair has been removed']|['plant' 'spice' 'chinese_medicinal_material']
Oil Rape Shoots Broth|Thick soup|['Simmer']|['General Health and Wellness']|['lesser galangal', 'tsaoko cardamoms', 'Mutton']|['spice' 'meat']
Bear Soup|Soup|[]|['Neurological and Mental Health', 'Others']|['tsaoko cardamoms', 'Bear meat']|meat
Roast Wolf Soup|Soup|['Simmer']|['General Health and Wellness']|['paradise', 'of', 'grain', 'long pepper', 'kasni', 'black pepper', 'tsaoko cardamoms', 'Wolf meat']|['spice' 'chinese_medicinal_material' 'plant' 'meat']
Ishkäne|Dish|['Stir-fry']|['General Health and Wellness']|['eggs', 'sweet melon pickles', 'pickled ginger', 'cheeses', 'sprouting ginger', 'cucumbers', 'cattail rhizome [Typha sp]', 'sacred lotus rhizome', '. Cut into long strips', '[cook]. When done cut up finely', 'two', 'sheep’s tail', 'Mutton']|['meat' 'vegetable' 'spice' 'grain']
Chöppün Noodles|Noodles|[]|['General Health and Wellness']|['sprouting ginger', 'eggs', 'one set each of sheep intestines and lungs', 'cut into strip qima [and stuff vermicelli]', 'cook. When done', 'two legs', 'mutton', 'White flour']|['vegetable' 'meat' 'grain']
Black Broth Noodles|Noodles|['Braise', 'Simmer']|['General Health and Wellness']|['sheep’s thorax', 'White flour']|grain
Chinese Yam Noodles|Noodles|['Stir-fry', 'Boil']|['General Health and Wellness']|['bean paste', 'juice of sprouting ginger', 'eggs', 'White flour']|['meat' 'juice' 'grain']
Hanging Noodles|Noodles|[]|['General Health and Wellness']|['pickled ginger', 'eggs', 'g [mushrooms]', 'm', 'hanging noodles', 'Mutton']|['spice' 'meat' 'fruit' 'other' 'grain']
Jingtei Noodles|Noodles|[]|['General Health and Wellness']|['leg', 'Mutton']|meat
Sheep’s Skin Noodles|Noodles|[]|['General Health and Wellness']|['previous ingredients] like “armor scales”', 'cook. Cut up each [i.e', 'four', 'sheep’s loins', 'sheep’s tongues', 'Sheep’s skins']|['meat' 'chinese_medicinal_material']
Tutum Ash (This is a kind of kneaded noodle)|Dish|['Stir-fry']|['General Health and Wellness']|['mutton', 'White flour']|grain
Fine Salma (same as “Thin Silk Border” Salma)|Dish|[]|['General Health and Wellness']|['roast the meat. [Make into] quruq qima [and stuff salma]', 'two legs', 'mutton', 'White flour']|grain
Water Dragon Qizi|Dish|[]|['General Health and Wellness']|['sweet melon pickles', 'carrots', 'pickled ginger', 'Chinese yams', 'eggs', '[stuff qizi with qima]', 'six jin. [Make dough and] cut into “cash eye qizi”', 'white flour', 'Mutton']|['vegetable' 'meat' 'spice']
[U]mach (a kind of hand twisted noodle. It can be glutinous rice flour or euryale flour.)|Dish|['Stir-fry']|['General Health and Wellness']|['six jin', 'White flour']|grain
Shoyla Toyym|Dish|['Stir-fry']|['General Health and Wellness']|['carrots', 'g [mushrooms]', 'm', 'Chinese yams', 'sheep’s tongues', 'mutton', 'White flour']|['meat' 'fruit' 'other' 'grain']
Qima Congee|Conge|['Simmer']|['Gastrointestinal Issues', 'General Health and Wellness']|['leg', 'Mutton']|meat
Soup Congee|Conge|['Simmer']|['Gastrointestinal Issues']|['Mutton']|meat
Millet Insipid Congee|Conge|['Simmer']|['General Health and Wellness']|['Millet grains']|grain
Qamh [Triticum durum] Soup|Conge|['Simmer']|['General Health and Wellness']|['qamh', 'Mutton']|['grain' 'meat']
Se-aBru [Pomegranate] Soup (This is the name of a Western Indian Food)|Soup|['Roast', 'Stir-fry', 'Simmer']|['General Health and Wellness', 'Gastrointestinal Issues', 'Musculoskeletal Issues']|['kasni', 'sprouting ginger', 'cinnamon', 'tsaoko cardamoms', 'Mutton']|['plant' 'vegetable' 'chinese_medicinal_material' 'meat']
Broiled Sheep’s Heart|Dish|['Broil']|['General Health and Wellness']|['za’faran', 'Sheep’s heart']|['chinese_medicinal_material' 'meat']
Broiled Sheep’s Loins|Dish|['Broil']|['Musculoskeletal Issues']|['za’faran', 'Sheep’s loins']|chinese_medicinal_material
Deboned Chicken Morsels|Dish|['Stir-fry', 'Boil']|[]|['[wheat] flour', 'finely ground Chinese flower pepper', 'finely ground ginger', 'onions', 'juice of sprouting ginger', 'Fat chickens']|['spice' 'vegetable' 'juice' 'meat']
Roasted Quail|Dish|['Stir-fry', 'Boil']|[]|['one', 'sheep’s tail', 'finely ground ginger', 'Chinese radishes', 'Quail']|meat
Plate Rabbit|Dish|['Stir-fry']|[]|['fine spices', 'sheep’s tail', 'Chinese radishes', 'Rabbit']|meat
“Tangut” Lungs|Dish|['Boil']|[]|['juice of sprouting ginger', 'black pepper', 'butter', 'flour', 'leeks', 'Sheep’s lung']|['juice' 'spice' 'grain' 'vegetable' 'meat']
Turmeric[–Colored] Tendon|Dish|['Deep-fry']|[]|['gardenia nuts [Gardenia jasminoides]', 'za’faran', 'white flour', 'bean paste', 'sheep ribs', 'Sheep’s tendon']|['chinese_medicinal_material' 'meat']
Drum Qazi|Dish|['Deep-fry', 'Boil']|[]|['spices', 'prepared mandarin orange peel', 'onions', 'sprouting ginger', 'eggs', 'sheep’s tail', 'Mutton']|['plant' 'vegetable' 'meat']
Sheep’s Heads Dressed in Flowers|Dish|['Stir-fry']|[]|['Chinese radishes', 'eggs', 'pickled ginger', 'sprouting ginger', 'sheep’s stomach and lungs', 'sheep’s loins', 'Sheep’s heads']|['meat' 'spice' 'vegetable']
Fish Cakes|Dish|['Deep-fry']|[]|['kasni', 'finely ground black pepper', 'finely ground prepared mandarin orange peel', 'onions', 'sprouting ginger', 'sheep’s tail', 'Large carp']|['plant' 'spice' 'chinese_medicinal_material' 'vegetable' 'meat' 'seafood']
Cotton Rose–[Petal] Chicken|Dish|['Stir-fry']|[]|['apricot kernel paste', 'safflower [and] gardenia nuts', 'Spinacia oleracea] and coriander', 'spinach [true spinach', 'eggs', 'carrots', 'sprouting ginger', 'sheep’s stomach and lungs', 'Chickens']|['chinese_medicinal_material' 'other' 'meat' 'vegetable']
Meat Cakes|Pancake|['Deep-fry']|[]|['finely ground coriander', 'long pepper', 'black pepper', 'kasni', 'Select mutton']|['chinese_medicinal_material' 'spice' 'plant' 'meat']
Salt Stomach|Dish|['Deep-fry']|[]|['Sheep’s bitter bowel']|meat
Näwälä|Dish|[]|[]|['eggs', 'Cooked sheep’s thoraxes']|meat
Turmeric[–Colored] Fish|Dish|['Deep-fry', 'Stir-fry', 'Braise']|[]|['finely ground coriander', 'bean paste', 'white flour', 'Carp']|['meat' 'seafood']
Deboned Wild Goose Morsels|Dish|['Stir-fry']|[]|['finely ground ginger', 'Wild geese']|[]
Galangal Sauce Hog’s Head|Dish|['Stir-fry', 'Simmer']|[]|['honey', 'vegetable oil', 'tsaoko cardamom', 'cinnamon', 'Chinese flower pepper', 'lesser galangal', 'prepared mandarin orange peel', 'Hog’s head']|['other' 'grain' 'spice' 'chinese_medicinal_material' 'plant' 'meat']
Cattail “Sweet Melon Pickles”|Dish|[]|[]|['cattail [rhizome]', 'Chinese flower pepper', 'Cleaned mutton']|['chinese_medicinal_material' 'spice' 'meat']
Deboned Sheep’s Head Morsels|Dish|['Stir-fry']|[]|['black pepper', 'finely ground ginger', 'Sheep’s head']|['spice' 'meat']
Deboned Ox Hoof Morsels (Horse’s Hoof, Bear’s Paw are entirely the same)|Dish|['Stir-fry']|[]|['finely ground ginger', 'Ox hooves']|meat
Fine Chizig|Dish|['Stir-fry']|[]|['ka’fur [Camphor]', 'sheep’s tail', 'Chinese radish', 'Mutton']|['other' 'meat' 'vegetable']
Liver and Sprouting [Ginger]|Dish|[]|[]|['smartweed', 'basil', 'Chinese radish', 'sprouting ginger', 'Sheep’s liver']|['vegetable' 'meat']
Horse Stomach Plate|Dish|['Stir-fry']|[]|['finely ground mustard', 'Horse stomach and intestines']|['condiment' 'meat']
Scalded Jasa’a (a delicacy)|Dish|['Deep-fry', 'Braise']|[]|['onions', 'kasni', 'Jasa’a']|['vegetable' 'plant' 'other']
Boiled Sheep’s Hooves|Dish|['Stir-fry']|[]|['finely ground ginger', 'Sheep’s hooves', 'Ingredients']|meat
Boiled Sheep’s Breast|Dish|['Stir-fry']|[]|['remove the hair and wash. Cook until tender. Cut up into sashuq', 'two', 'Sheep’s breasts']|['other' 'vegetable' 'meat']
Fine Fish Hash|Dish|['Stir-fry']|[]|['basil and smartweed', 'onions', 'Chinese radishes', 'sprouting ginger', 'Young carp']|['chinese_medicinal_material' 'vegetable' 'seafood']
Red Strips|Dish|[]|[]|['basil and smartweed', 'Chinese radish', 'sprouting ginger', 'Sheep’s blood combined with white flour']|['chinese_medicinal_material' 'vegetable']
Roast Wild Goose (Roast Cormorant and Roast Duck are the same)|Dish|['Roast']|[]|['finely ground coriander', 'onions', 'sheep’s stomach [and attached skin]', 'Wild goose']|['vegetable' 'meat']
Roast Eurasian Curlew|Dish|['Roast', 'Steam']|[]|['spices', 'onions', 'finely ground coriander', 'Eurasian curlews']|['vegetable' 'other']
Willow–Steamed Lamb|Dish|['Roast']|[]|['A sheep']|meat
Quick Manta|Steamed bun|[]|[]|['onions', 'mutton fat', 'Mutton']|['vegetable' 'meat']
Deer Milk Fat 105 Manta (One can [also] perhaps make “Quick Manta,” or perhaps “Thin–skin Manta,” Both are possible.)|Steamed bun|[]|[]|['prepared mandarin orange peel', 'sprouting ginger', 'sheep’s tail', '[Dried] deer milk fat']|['plant' 'vegetable' 'meat' 'dairy_product']
Eggplant Manta|Steamed bun|['Steam']|[]|['onions', 'sheep’s tail', 'sheep’s fat', 'Mutton']|['vegetable' 'meat']
Cut Flowers Manta|Steamed bun|['Steam']|[]|['sheep’s tail', 'sheep’s fat', 'Mutton']|meat
Quartz Horns|Dish|[]|[]|['onions', 'sheep’s tail', 'sheep’s fat', 'Mutton']|['vegetable' 'meat']
Butter Skin Yubqa|Dish|[]|[]|['onions', 'sheep’s tail', 'sheep’s fat', 'Mutton']|['vegetable' 'meat']
Päräk Horns|Dish|[]|[]|['sheep’s tail', 'sheep’s fat', 'Mutton']|meat
Shilön Horns|Dish|[]|[]|['onions', 'sheep’s tail', 'sheep’s fat', 'Mutton']|['vegetable' 'meat']
Pleurotus ostreatus [Mushroom] Baozi (Some make them from crab spawn. This is also possible. Wisteria Baozi is entirely the same.)|Dish|['Steam']|[]|['prepared mandarin orange peel', 'onions', 'sheep’s tail', 'sheep’s fat', 'Mutton']|['plant' 'vegetable' 'meat']
Qurim “Bonnets” [i.e., boqtas]|Dish|['Steam']|[]|['onions', '[and] [sheep’s] bitter bowel', 'sheep’s stomach and lungs', 'eggs', 'Chinese yams', 'bean paste', 'sprouting ginger', 'vegetable oil', 'fruit of Gardenia jasminoides', 'safflower', 'nuts [Pistachio nuts]', 'pist', 'walnuts', 'apricot kernel paste', 'g [mushrooms]', 'm', 'badam [almonds]', 'pine pollen', 'euryale seeds', 'sheep’s tail', 'Mutton']|"['vegetable' 'condiment' 'meat' 'grain' 'spice' 'other' 'fruit'
 'chinese_medicinal_material' 'plant']"
Poppy Seed Buns|Pancake|['Roast']|[]|['poppy seeds', 'liquid butter', 'cow’s milk', 'White flour']|['other' 'dairy_product' 'meat' 'grain']
Cow’s Milk Buns|Pancake|['Roast']|[]|['fennel', 'liquid butter', 'cow’s milk', 'White flour']|['chinese_medicinal_material' 'dairy_product' 'meat' 'grain']
Borbi[n] Soup (this is the piteng bone [i.e., knee joint] of a sheep.) |Soup|['Simmer']|['Others']|['Borbi[n]']|[]
Miqan–u kö[n]lesün|Dish|[]|['General Health and Wellness']|['One sheep’s rear leg']|[]
